REG NUMBER,VIN,MAKE,MODEL,COLLECTION DATE,YOUR REF NO,COLLECTION ADDR1,COLLECTION ADDR2,COLLECTION ADDR3,COLLECTION ADDR4,COLLECTION POSTCODE,COLLECTION CONTACT NAME,COLLECTION PHONE,DELIVERY DATE,DELIVERY ADDR1,DELIVERY ADDR2,DELIVERY ADDR3,DELIVERY ADDR4,DELIVERY POSTCODE,DELIVERY CONTACT NAME,DELIVERY CONTACT PHONE,SPECIAL INSTRUCTIONS,PRICE,CUSTOMER REF,TRANSPORT TYPE
DL25BTE,WF0EXXTTRESM60665,,TRANSIT VAN,23/05/2025,DL25BTE,HIGH ERCALL PDI (Greenhous High Ercall),,,,,,,23/05/2025,Enterprise FLEXE Newcastle,Livingston House,Wellington Road,Dunston Dunston NE11 9JL,NE11 9JL,,,Please call 1 hour before collection,,GR11,
DS25YPD,WF0EXXTTRESM60672,,TRANSIT VAN,23/05/2025,DS25YPD,HIGH ERCALL PDI (Greenhous High Ercall),,,,,,,23/05/2025,ENTERPRISE FLEX-X-RENT TEESSIDE,ROSS ROAD,STOCKTON ON TEES,TS18 2NN,TS18 2NN,,,Please call 1 hour before collection,,GR11,
DS25WVN,WF0EXXTTRESM60737,,TRANSIT VAN,23/05/2025,DS25WVN,HIGH ERCALL PDI (Greenhous High Ercall),,,,,,,23/05/2025,FLEX E RENT - SHEFFIELD,1 LAWRENCE STREET,SHEFFIELD,S9 3RG,S9 3RG,,,Please call 1 hour before collection,,GR11,
DS25YNH,WF0EXXTTRESM60748,,TRANSIT VAN,23/05/2025,DS25YNH,Upper Heyford PDI (Upper Heyford),,,,,,,23/05/2025,FLEX E RENT ELLESMERE PORT,LAKESIDE,SHELLWAY ROAD,ELLESMERE PORT CH65 4LQ,CH65 4LQ,,,Please call 1 hour before collection,,GR11,
DS25YOJ,WF0EXXTTRESM60731,,TRANSIT VAN,23/05/2025,DS25YOJ,Upper Heyford PDI (Upper Heyford),,,,,,,23/05/2025,Flex E Rent Exeter,Grace Rd Central,Marsh Barton,EX2 8QA,EX2 8QA,,,Please call 1 hour before collection,,GR11,
DL25HPC,WF0SXXTA6SSM07942,,TRANSIT CUSTOM,23/05/2025,DL25HPC,Upper Heyford PDI (Upper Heyford),,,,,,,23/05/2025,Flex E Rent Exeter,Grace Rd Central,Marsh Barton,EX2 8QA,EX2 8QA,,,Please call 1 hour before collection,,GR11,
DS25WVL,WF0EXXTTRESM60749,,TRANSIT VAN,23/05/2025,DS25WVL,Upper Heyford PDI (Upper Heyford),,,,,,,23/05/2025,Flex E Rent Gloucester,38 Ashville Rd,Gloucester,GL2 5DA,GL2 5DA,,,Please call 1 hour before collection,,GR11,
DL25FVJ,WF0EXXTTRESM60733,,TRANSIT VAN, 28/05/2025,DL25FVJ,HIGH ERCALL PDI (Greenhous High Ercall),,,,,,, 28/05/2025,Flex E Rent Southampton,18 Premier Way,Abbey Park Industrial Park,Romsey SO51 9DQ,SO51 9DQ,,,Please call 1 hour before collection,,GR11,
DS25YCP,WF0EXXTTRESM60669,,TRANSIT VAN, 28/05/2025,DS25YCP,HIGH ERCALL PDI (Greenhous High Ercall),,,,,,, 28/05/2025,Flexe Rent Nairn,5 Tom Semple Rd,Nairn,IV12 5QW,IV12 5QW,,,Please call 1 hour before collection,,GR11,
DS25WTJ,WF0EXXTTRESM60709,,TRANSIT VAN, 28/05/2025,DS25WTJ,HIGH ERCALL PDI (Greenhous High Ercall),,,,,,, 28/05/2025,Flexe Rent,Roudham Court,Roudham Industrial Estate,East Harling Thetford NR16 2QN,NR16 2QN,,,Please call 1 hour before collection,,GR11,
DS25XDB,WF0EXXTTRESM60712,,TRANSIT VAN, 28/05/2025,DS25XDB,HIGH ERCALL PDI (Greenhous High Ercall),,,,,,, 28/05/2025,FLEX-E-RENT DERBY,ASCOT DRIVE,DERBY,DE24 8ST,DE24 8ST,,,Please call 1 hour before collection,,GR11,
DS25XVC,WF0EXXTTRESM66785,,TRANSIT VAN, 28/05/2025,DS25XVC,HIGH ERCALL PDI (Greenhous High Ercall),,,,,,, 28/05/2025,FLEX-E-RENT EAST LONDON,609 London Road,Grays,RM20 3BJ,RM20 3BJ,,,Please call 1 hour before collection,,GR11,
DS25WUA,WF0EXXTTRESM60741,,TRANSIT VAN, 28/05/2025,DS25WUA,HIGH ERCALL PDI (Greenhous High Ercall),,,,,,, 28/05/2025,FLEX-E-RENT HEATHROW,WEST LONDON INDUSTRIAL PARK,IVER LANE,COWLEY UB8 2JG,UB8 2JG,,,Please call 1 hour before collection,,GR11,
DS25XZL,WF0EXXTTRESM66790,,TRANSIT VAN,29/05/2025,DS25XZL,HIGH ERCALL PDI (Greenhous High Ercall),,,,,,,29/05/2025,FLEX-E-RENT KENT,ST LAURENCE AVENUE,20/20 INDUSTRIAL ESTATE,MAIDSTONE ME16 0LL,ME16 0LL,,,Please call 1 hour before collection,,GR11,
DS25YOD,WF0EXXTTRESM60677,,TRANSIT VAN,29/05/2025,DS25YOD,Upper Heyford PDI (Upper Heyford),,,,,,,29/05/2025,FLEX-E-RENT OLDBURY,84-90,BRADES ROAD,OLDBURY B69 2EP,B69 2EP,,,Please call 1 hour before collection,,GR11,
DS25WUG,WF0EXXTTRESM60732,,TRANSIT VAN,29/05/2025,DS25WUG,HIGH ERCALL PDI (Greenhous High Ercall),,,,,,,29/05/2025,FLEX-E-RENT PETERBOROUGH,IVATT WAY,PETERBOROUGH,PE3 7PG,PE3 7PG,,,Please call 1 hour before collection,,GR11,
DL25BDZ,WF0EXXTTRESM60738,,TRANSIT VAN,29/05/2025,DL25BDZ,HIGH ERCALL PDI (Greenhous High Ercall),,,,,,,29/05/2025,FLEX-E-RENT SHREWS,MARCH WAY,BATTLEFIELD ENTERPRISE PARK,Shrewsbury SY1 3JE,SY1 3JE,,,Please call 1 hour before collection,,GR11,
DL25FHC,WF0EXXTTRESM60739,,TRANSIT VAN,29/05/2025,DL25FHC,HIGH ERCALL PDI (Greenhous High Ercall),,,,,,,29/05/2025,FLEX-E-RENT WIGAN,LANDGATE INDUSTRIAL ESTATE,WIGAN ROAD,ASHTON- IN- MAKERFIELD WN4 0BW,WN4 0BW,,,Please call 1 hour before collection,,GR11,
DL25HNT,WF0SXXTA0SSM07936,,TRANSIT CUSTOM,29/05/2025,DL25HNT,Upper Heyford PDI (Upper Heyford),,,,,,,29/05/2025,Flex E Rent Manchester,Flixton Road,Carrington,Urmston Manchester M41 6JE,M41 6JE,,,Please call 1 hour before collection,,GR11,
DL25FLH,WF0EXXTTRESM60673,,TRANSIT VAN,30/05/2025,DL25FLH,HIGH ERCALL PDI (Greenhous High Ercall),,,,,,,30/05/2025,Enterprise FLEXE Newcastle,Livingston House,Wellington Road,Dunston Dunston NE11 9JL,NE11 9JL,,,Please call 1 hour before collection,,GR11,
DS25WWT,WF0EXXTTRESM60675,,TRANSIT VAN,30/05/2025,DS25WWT,HIGH ERCALL PDI (Greenhous High Ercall),,,,,,,30/05/2025,ENTERPRISE FLEX-X-RENT TEESSIDE,ROSS ROAD,STOCKTON ON TEES,TS18 2NN,TS18 2NN,,,Please call 1 hour before collection,,GR11,
DS25WUE,WF0EXXTTRESM60725,,TRANSIT VAN,30/05/2025,DS25WUE,HIGH ERCALL PDI (Greenhous High Ercall),,,,,,,30/05/2025,FLEX E RENT - SHEFFIELD,1 LAWRENCE STREET,SHEFFIELD,S9 3RG,S9 3RG,,,Please call 1 hour before collection,,GR11,
DS25WTC,WF0EXXTTRESM60724,,TRANSIT VAN,30/05/2025,DS25WTC,HIGH ERCALL PDI (Greenhous High Ercall),,,,,,,30/05/2025,FLEX E RENT ELLESMERE PORT,LAKESIDE,SHELLWAY ROAD,ELLESMERE PORT CH65 4LQ,CH65 4LQ,,,Please call 1 hour before collection,,GR11,
DS25WUD,WF0EXXTTRESM60730,,TRANSIT VAN,30/05/2025,DS25WUD,HIGH ERCALL PDI (Greenhous High Ercall),,,,,,,30/05/2025,Flex E Rent Exeter,Grace Rd Central,Marsh Barton,EX2 8QA,EX2 8QA,,,Please call 1 hour before collection,,GR11,
DS25YVA,WF0EXXTTRESM60721,,TRANSIT VAN,30/05/2025,DS25YVA,HIGH ERCALL PDI (Greenhous High Ercall),,,,,,,30/05/2025,Flex E Rent Gloucester,38 Ashville Rd,Gloucester,GL2 5DA,GL2 5DA,,,Please call 1 hour before collection,,GR11,
DL25FZW,WF0EXXTTRESM60707,,TRANSIT VAN,02/06/2025,DL25FZW,HIGH ERCALL PDI (Greenhous High Ercall),,,,,,,02/06/2025,Flex E Rent Southampton,18 Premier Way,Abbey Park Industrial Park,Romsey SO51 9DQ,SO51 9DQ,,,Please call 1 hour before collection,,GR11,
DL25FHB,WF0EXXTTRESM60671,,TRANSIT VAN,02/06/2025,DL25FHB,HIGH ERCALL PDI (Greenhous High Ercall),,,,,,,02/06/2025,Flexe Rent Nairn,5 Tom Semple Rd,Nairn,IV12 5QW,IV12 5QW,,,Please call 1 hour before collection,,GR11,
DS25YOK,WF0EXXTTRESM60726,,TRANSIT VAN,02/06/2025,DS25YOK,Upper Heyford PDI (Upper Heyford),,,,,,,02/06/2025,Flexe Rent,Roudham Court,Roudham Industrial Estate,East Harling Thetford NR16 2QN,NR16 2QN,,,Please call 1 hour before collection,,GR11,
DS25WSZ,WF0EXXTTRESM60723,,TRANSIT VAN,02/06/2025,DS25WSZ,HIGH ERCALL PDI (Greenhous High Ercall),,,,,,,02/06/2025,FLEX-E-RENT DERBY,ASCOT DRIVE,DERBY,DE24 8ST,DE24 8ST,,,Please call 1 hour before collection,,GR11,
DS25WTG,WF0EXXTTRESM60705,,TRANSIT VAN,02/06/2025,DS25WTG,HIGH ERCALL PDI (Greenhous High Ercall),,,,,,,02/06/2025,FLEX-E-RENT EAST LONDON,609 London Road,Grays,RM20 3BJ,RM20 3BJ,,,Please call 1 hour before collection,,GR11,
DL25FGX,WF0EXXTTRESM60740,,TRANSIT VAN,02/06/2025,DL25FGX,HIGH ERCALL PDI (Greenhous High Ercall),,,,,,,02/06/2025,FLEX-E-RENT HEATHROW,WEST LONDON INDUSTRIAL PARK,IVER LANE,COWLEY UB8 2JG,UB8 2JG,,,Please call 1 hour before collection,,GR11,
DL25FLK,WF0EXXTTRESM60696,,TRANSIT VAN,03/06/2025,DL25FLK,HIGH ERCALL PDI (Greenhous High Ercall),,,,,,,03/06/2025,FLEX-E-RENT KENT,ST LAURENCE AVENUE,20/20 INDUSTRIAL ESTATE,MAIDSTONE ME16 0LL,ME16 0LL,,,Please call 1 hour before collection,,GR11,
DS25WSV,WF0EXXTTRESM60735,,TRANSIT VAN,03/06/2025,DS25WSV,HIGH ERCALL PDI (Greenhous High Ercall),,,,,,,03/06/2025,FLEX-E-RENT OLDBURY,84-90,BRADES ROAD,OLDBURY B69 2EP,B69 2EP,,,Please call 1 hour before collection,,GR11,
DS25WWZ,WF0EXXTTRESM60736,,TRANSIT VAN,03/06/2025,DS25WWZ,HIGH ERCALL PDI (Greenhous High Ercall),,,,,,,03/06/2025,FLEX-E-RENT PETERBOROUGH,IVATT WAY,PETERBOROUGH,PE3 7PG,PE3 7PG,,,Please call 1 hour before collection,,GR11,
DL25FHA,WF0EXXTTRESM60734,,TRANSIT VAN,03/06/2025,DL25FHA,HIGH ERCALL PDI (Greenhous High Ercall),,,,,,,03/06/2025,FLEX-E-RENT SHREWS,MARCH WAY,BATTLEFIELD ENTERPRISE PARK,Shrewsbury SY1 3JE,SY1 3JE,,,Please call 1 hour before collection,,GR11,
DS25WWU,WF0EXXTTRESM60727,,TRANSIT VAN,03/06/2025,DS25WWU,HIGH ERCALL PDI (Greenhous High Ercall),,,,,,,03/06/2025,FLEX-E-RENT WIGAN,LANDGATE INDUSTRIAL ESTATE,WIGAN ROAD,ASHTON- IN- MAKERFIELD WN4 0BW,WN4 0BW,,,Please call 1 hour before collection,,GR11,
DS25WUB,WF0EXXTTRESM60743,,TRANSIT VAN,04/06/2025,DS25WUB,HIGH ERCALL PDI (Greenhous High Ercall),,,,,,,04/06/2025,Enterprise FLEXE Newcastle,Livingston House,Wellington Road,Dunston Dunston NE11 9JL,NE11 9JL,,,Please call 1 hour before collection,,GR11,
DS25WVO,WF0EXXTTRESM60747,,TRANSIT VAN,04/06/2025,DS25WVO,HIGH ERCALL PDI (Greenhous High Ercall),,,,,,,04/06/2025,ENTERPRISE FLEX-X-RENT TEESSIDE,ROSS ROAD,STOCKTON ON TEES,TS18 2NN,TS18 2NN,,,Please call 1 hour before collection,,GR11,
DS25WTX,WF0EXXTTRESM60745,,TRANSIT VAN,04/06/2025,DS25WTX,HIGH ERCALL PDI (Greenhous High Ercall),,,,,,,04/06/2025,FLEX E RENT ELLESMERE PORT,LAKESIDE,SHELLWAY ROAD,ELLESMERE PORT CH65 4LQ,CH65 4LQ,,,Please call 1 hour before collection,,GR11,
DS25WTA,WF0EXXTTRESM60728,,TRANSIT VAN,04/06/2025,DS25WTA,HIGH ERCALL PDI (Greenhous High Ercall),,,,,,,04/06/2025,Flex E Rent Southampton,18 Premier Way,Abbey Park Industrial Park,Romsey SO51 9DQ,SO51 9DQ,,,Please call 1 hour before collection,,GR11,
DL25FHG,WF0EXXTTRESM60754,,TRANSIT VAN,05/06/2025,DL25FHG,HIGH ERCALL PDI (Greenhous High Ercall),,,,,,,05/06/2025,Flexe Rent Nairn,5 Tom Semple Rd,Nairn,IV12 5QW,IV12 5QW,,,Please call 1 hour before collection,,GR11,
DL25FKX,WF0EXXTTRESM60755,,TRANSIT VAN,05/06/2025,DL25FKX,HIGH ERCALL PDI (Greenhous High Ercall),,,,,,,05/06/2025,FLEX-E-RENT COVENTRY,Unit 11 Europark,A5 Watling Street,Rugby CV23 0AL,CV23 0AL,,,Please call 1 hour before collection,,GR11,
DS25WVP,WF0EXXTTRESM60757,,TRANSIT VAN,05/06/2025,DS25WVP,HIGH ERCALL PDI (Greenhous High Ercall),,,,,,,05/06/2025,FLEX-E-RENT COVENTRY,Unit 11 Europark,A5 Watling Street,Rugby CV23 0AL,CV23 0AL,,,Please call 1 hour before collection,,GR11,
DS25WSY,WF0EXXTTRESM60756,,TRANSIT VAN,05/06/2025,DS25WSY,HIGH ERCALL PDI (Greenhous High Ercall),,,,,,,05/06/2025,FLEX-E-RENT DERBY,ASCOT DRIVE,DERBY,DE24 8ST,DE24 8ST,,,Please call 1 hour before collection,,GR11,
DL25FZT,WF0EXXTTRESM60729,,TRANSIT VAN,06/06/2025,DL25FZT,HIGH ERCALL PDI (Greenhous High Ercall),,,,,,,06/06/2025,FLEX-E-RENT EAST LONDON,609 London Road,Grays,RM20 3BJ,RM20 3BJ,,,Please call 1 hour before collection,,GR11,
DS25WTD,WF0EXXTTRESM60761,,TRANSIT VAN,06/06/2025,DS25WTD,HIGH ERCALL PDI (Greenhous High Ercall),,,,,,,06/06/2025,FLEX-E-RENT KENT,ST LAURENCE AVENUE,20/20 INDUSTRIAL ESTATE,MAIDSTONE ME16 0LL,ME16 0LL,,,Please call 1 hour before collection,,GR11,
DS25YDP,WF0EXXTTRESM60746,,TRANSIT VAN,06/06/2025,DS25YDP,HIGH ERCALL PDI (Greenhous High Ercall),,,,,,,06/06/2025,FLEX-E-RENT OLDBURY,84-90,BRADES ROAD,OLDBURY B69 2EP,B69 2EP,,,Please call 1 hour before collection,,GR11,
DS25XUT,WF0EXXTTRESM60762,,TRANSIT VAN,06/06/2025,DS25XUT,Upper Heyford PDI (Upper Heyford),,,,,,,06/06/2025,FLEX-E-RENT WIGAN,LANDGATE INDUSTRIAL ESTATE,WIGAN ROAD,ASHTON- IN- MAKERFIELD WN4 0BW,WN4 0BW,,,Please call 1 hour before collection,,GR11,
